INSERT INTO USUARIO (LOGIN, SENHA, PERFIL) VALUES ('admin', 'fd57e75c4b4219d15407f3537f0d8ae72bb2eb31', 'ADMIN');
INSERT INTO USUARIO (LOGIN, SENHA, PERFIL) VALUES ('comum', 'fd57e75c4b4219d15407f3537f0d8ae72bb2eb31', 'COMUM');

INSERT INTO UF (NOME, SIGLA) VALUES ('Acre',                  'AC');
INSERT INTO UF (NOME, SIGLA) VALUES ('Alagoas',               'AL');
INSERT INTO UF (NOME, SIGLA) VALUES ('Amapá',                 'AP');
INSERT INTO UF (NOME, SIGLA) VALUES ('Amazonas',              'AM');
INSERT INTO UF (NOME, SIGLA) VALUES ('Bahia',                 'BA');
INSERT INTO UF (NOME, SIGLA) VALUES ('Ceará',                 'CE');
INSERT INTO UF (NOME, SIGLA) VALUES ('Distrito Federal',      'DF');
INSERT INTO UF (NOME, SIGLA) VALUES ('Espírito Santo',        'ES');
INSERT INTO UF (NOME, SIGLA) VALUES ('Goiás',                 'GO');
INSERT INTO UF (NOME, SIGLA) VALUES ('Maranhão',              'MA');
INSERT INTO UF (NOME, SIGLA) VALUES ('Mato Grosso do Sul',    'MS');
INSERT INTO UF (NOME, SIGLA) VALUES ('Mato Grosso',           'MT');
INSERT INTO UF (NOME, SIGLA) VALUES ('Minas Gerais',          'MG');
INSERT INTO UF (NOME, SIGLA) VALUES ('Paraná',                'PR');
INSERT INTO UF (NOME, SIGLA) VALUES ('Paraíba',               'PB');
INSERT INTO UF (NOME, SIGLA) VALUES ('Pará',                  'PA');
INSERT INTO UF (NOME, SIGLA) VALUES ('Pernambuco',            'PE');
INSERT INTO UF (NOME, SIGLA) VALUES ('Piauí',                 'PI');
INSERT INTO UF (NOME, SIGLA) VALUES ('Rio de Janeiro',        'RJ');
INSERT INTO UF (NOME, SIGLA) VALUES ('Rio Grande do Norte',   'RN');
INSERT INTO UF (NOME, SIGLA) VALUES ('Rio Grande do Sul (*)', 'RS');
INSERT INTO UF (NOME, SIGLA) VALUES ('Rondônia',              'RO');
INSERT INTO UF (NOME, SIGLA) VALUES ('Roraima',               'RR');
INSERT INTO UF (NOME, SIGLA) VALUES ('Santa Catarina',        'SC');
INSERT INTO UF (NOME, SIGLA) VALUES ('Sergipe',               'SE');
INSERT INTO UF (NOME, SIGLA) VALUES ('São Paulo',             'SP');
INSERT INTO UF (NOME, SIGLA) VALUES ('Tocantins',             'TO');

INSERT INTO ENDERECO (ID , BAIRRO , CEP , CIDADE , LOGRADOURO , UF_ID) VALUES (1  , 'bairro1'  , '11111111' , 'cidade1'  , 'logradouro1'  , 1);
INSERT INTO ENDERECO (ID , BAIRRO , CEP , CIDADE , LOGRADOURO , UF_ID) VALUES (2  , 'bairro2'  , '11111111' , 'cidade2'  , 'logradouro2'  , 2);
INSERT INTO ENDERECO (ID , BAIRRO , CEP , CIDADE , LOGRADOURO , UF_ID) VALUES (3  , 'bairro3'  , '11111111' , 'cidade3'  , 'logradouro3'  , 3);
INSERT INTO ENDERECO (ID , BAIRRO , CEP , CIDADE , LOGRADOURO , UF_ID) VALUES (4  , 'bairro4'  , '11111111' , 'cidade4'  , 'logradouro4'  , 4);
INSERT INTO ENDERECO (ID , BAIRRO , CEP , CIDADE , LOGRADOURO , UF_ID) VALUES (5  , 'bairro5'  , '11111111' , 'cidade5'  , 'logradouro5'  , 5);
INSERT INTO ENDERECO (ID , BAIRRO , CEP , CIDADE , LOGRADOURO , UF_ID) VALUES (6  , 'bairro6'  , '11111111' , 'cidade6'  , 'logradouro6'  , 6);
INSERT INTO ENDERECO (ID , BAIRRO , CEP , CIDADE , LOGRADOURO , UF_ID) VALUES (7  , 'bairro7'  , '11111111' , 'cidade7'  , 'logradouro7'  , 7);
INSERT INTO ENDERECO (ID , BAIRRO , CEP , CIDADE , LOGRADOURO , UF_ID) VALUES (8  , 'bairro8'  , '11111111' , 'cidade8'  , 'logradouro8'  , 8);
INSERT INTO ENDERECO (ID , BAIRRO , CEP , CIDADE , LOGRADOURO , UF_ID) VALUES (9  , 'bairro9'  , '11111111' , 'cidade9'  , 'logradouro9'  , 9);
INSERT INTO ENDERECO (ID , BAIRRO , CEP , CIDADE , LOGRADOURO , UF_ID) VALUES (10 , 'bairro10' , '11111111' , 'cidade10' , 'logradouro10' , 10);
INSERT INTO ENDERECO (ID , BAIRRO , CEP , CIDADE , LOGRADOURO , UF_ID) VALUES (11 , 'bairro11' , '11111111' , 'cidade11' , 'logradouro11' , 11);
INSERT INTO ENDERECO (ID , BAIRRO , CEP , CIDADE , LOGRADOURO , UF_ID) VALUES (12 , 'bairro12' , '11111111' , 'cidade12' , 'logradouro12' , 12);
INSERT INTO ENDERECO (ID , BAIRRO , CEP , CIDADE , LOGRADOURO , UF_ID) VALUES (13 , 'bairro13' , '11111111' , 'cidade13' , 'logradouro13' , 13);
INSERT INTO ENDERECO (ID , BAIRRO , CEP , CIDADE , LOGRADOURO , UF_ID) VALUES (14 , 'bairro14' , '11111111' , 'cidade14' , 'logradouro14' , 14);
INSERT INTO ENDERECO (ID , BAIRRO , CEP , CIDADE , LOGRADOURO , UF_ID) VALUES (15 , 'bairro15' , '11111111' , 'cidade15' , 'logradouro15' , 15);
INSERT INTO ENDERECO (ID , BAIRRO , CEP , CIDADE , LOGRADOURO , UF_ID) VALUES (16 , 'bairro16' , '11111111' , 'cidade16' , 'logradouro16' , 16);
INSERT INTO ENDERECO (ID , BAIRRO , CEP , CIDADE , LOGRADOURO , UF_ID) VALUES (17 , 'bairro17' , '11111111' , 'cidade17' , 'logradouro17' , 17);
INSERT INTO ENDERECO (ID , BAIRRO , CEP , CIDADE , LOGRADOURO , UF_ID) VALUES (18 , 'bairro18' , '11111111' , 'cidade18' , 'logradouro18' , 18);
INSERT INTO ENDERECO (ID , BAIRRO , CEP , CIDADE , LOGRADOURO , UF_ID) VALUES (19 , 'bairro19' , '11111111' , 'cidade19' , 'logradouro19' , 19);
INSERT INTO ENDERECO (ID , BAIRRO , CEP , CIDADE , LOGRADOURO , UF_ID) VALUES (20 , 'bairro20' , '11111111' , 'cidade20' , 'logradouro20' , 20);

INSERT INTO CLIENTE (CPF , NOME , ENDERECO_ID, EMAIL, TELEFONE) VALUES ('54673660331' , 'cliente1'  , 1, 'cliente1@email.com', '80701305020');
INSERT INTO CLIENTE (CPF , NOME , ENDERECO_ID, EMAIL, TELEFONE) VALUES ('85122995680' , 'cliente2'  , 2, 'cliente2@email.com', '81712315121');
INSERT INTO CLIENTE (CPF , NOME , ENDERECO_ID, EMAIL, TELEFONE) VALUES ('65366363098' , 'cliente3'  , 3, 'cliente3@email.com', '82723325222');
INSERT INTO CLIENTE (CPF , NOME , ENDERECO_ID, EMAIL, TELEFONE) VALUES ('62215567759' , 'cliente4'  , 4, 'cliente4@email.com', '83734335323');
INSERT INTO CLIENTE (CPF , NOME , ENDERECO_ID, EMAIL, TELEFONE) VALUES ('35772334000' , 'cliente5'  , 5, 'cliente5@email.com', '84745345424');
INSERT INTO CLIENTE (CPF , NOME , ENDERECO_ID, EMAIL, TELEFONE) VALUES ('36091398385' , 'cliente6'  , 6, 'cliente6@email.com', '85756355525');
INSERT INTO CLIENTE (CPF , NOME , ENDERECO_ID, EMAIL, TELEFONE) VALUES ('31418344400' , 'cliente7'  , 7, 'cliente7@email.com', '86767365626');
INSERT INTO CLIENTE (CPF , NOME , ENDERECO_ID, EMAIL, TELEFONE) VALUES ('05076000294' , 'cliente8'  , 8, 'cliente8@email.com', '87778375727');
INSERT INTO CLIENTE (CPF , NOME , ENDERECO_ID, EMAIL, TELEFONE) VALUES ('90107325250' , 'cliente9'  , 9, 'cliente9@email.com', '88789385828');
INSERT INTO CLIENTE (CPF , NOME , ENDERECO_ID, EMAIL, TELEFONE) VALUES ('64875026269' , 'cliente10' , 10, 'cliente10@email.com', '897910395929');
INSERT INTO CLIENTE (CPF , NOME , ENDERECO_ID, EMAIL, TELEFONE) VALUES ('83437843591' , 'cliente11' , 11, 'cliente11@email.com', '908011406030');
INSERT INTO CLIENTE (CPF , NOME , ENDERECO_ID, EMAIL, TELEFONE) VALUES ('90535824874' , 'cliente12' , 12, 'cliente12@email.com', '918112416131');
INSERT INTO CLIENTE (CPF , NOME , ENDERECO_ID, EMAIL, TELEFONE) VALUES ('53615893492' , 'cliente13' , 13, 'cliente13@email.com', '928213426232');
INSERT INTO CLIENTE (CPF , NOME , ENDERECO_ID, EMAIL, TELEFONE) VALUES ('82634863608' , 'cliente14' , 14, 'cliente14@email.com', '938314436333');
INSERT INTO CLIENTE (CPF , NOME , ENDERECO_ID, EMAIL, TELEFONE) VALUES ('81936412993' , 'cliente15' , 15, 'cliente15@email.com', '948415446434');
INSERT INTO CLIENTE (CPF , NOME , ENDERECO_ID, EMAIL, TELEFONE) VALUES ('87526242007' , 'cliente16' , 16, 'cliente16@email.com', '958516456535');
INSERT INTO CLIENTE (CPF , NOME , ENDERECO_ID, EMAIL, TELEFONE) VALUES ('98631686379' , 'cliente17' , 17, 'cliente17@email.com', '968617466636');
INSERT INTO CLIENTE (CPF , NOME , ENDERECO_ID, EMAIL, TELEFONE) VALUES ('42355884196' , 'cliente18' , 18, 'cliente18@email.com', '978718476737');
INSERT INTO CLIENTE (CPF , NOME , ENDERECO_ID, EMAIL, TELEFONE) VALUES ('80078004250' , 'cliente19' , 19, 'cliente19@email.com', '988819486838');
INSERT INTO CLIENTE (CPF , NOME , ENDERECO_ID, EMAIL, TELEFONE) VALUES ('61855122111' , 'cliente20' , 20, 'cliente20@email.com', '998920496939');
